hash,rel,full,name,size,db_file_path_ref,text_ref,referenced,action,reason
3630875C328580A6F8A12AA49F98571F7BF8C229DDB5C7501CE3F42B2CB4DEFF,1\03b6bc16217a42c397cb684b0f9d3a69.jpg,C:\panda-gallery\originals\1\03b6bc16217a42c397cb684b0f9d3a69.jpg,03b6bc16217a42c397cb684b0f9d3a69.jpg,27736,False,True,True,keep,referenced_by_db_file_path_or_text
3630875C328580A6F8A12AA49F98571F7BF8C229DDB5C7501CE3F42B2CB4DEFF,1\b04e2803218047079a51aa19dffb7287.jpg,C:\panda-gallery\originals\1\b04e2803218047079a51aa19dffb7287.jpg,b04e2803218047079a51aa19dffb7287.jpg,27736,True,False,True,keep,referenced_by_db_file_path_or_text
3630875C328580A6F8A12AA49F98571F7BF8C229DDB5C7501CE3F42B2CB4DEFF,2\38dafccf28654ea38174ca6c48e74be8.jpg,C:\panda-gallery\originals\2\38dafccf28654ea38174ca6c48e74be8.jpg,38dafccf28654ea38174ca6c48e74be8.jpg,27736,True,True,True,keep,referenced_by_db_file_path_or_text
03A9EB686F690458B6C1089E4297441DF4AB9767143A903026E6663BFB2C2354,1\046eafcc62e64128a29a4d3c6dfd9ae5.jpg,C:\panda-gallery\originals\1\046eafcc62e64128a29a4d3c6dfd9ae5.jpg,046eafcc62e64128a29a4d3c6dfd9ae5.jpg,17154,True,True,True,keep,referenced_by_db_file_path_or_text
03A9EB686F690458B6C1089E4297441DF4AB9767143A903026E6663BFB2C2354,2\f836ff5737554dfca928805bf1927ea9.jpg,C:\panda-gallery\originals\2\f836ff5737554dfca928805bf1927ea9.jpg,f836ff5737554dfca928805bf1927ea9.jpg,17154,True,False,True,keep,referenced_by_db_file_path_or_text
03A9EB686F690458B6C1089E4297441DF4AB9767143A903026E6663BFB2C2354,1\57a9b5bda197432c83e36c33593ca46f.jpg,C:\panda-gallery\originals\1\57a9b5bda197432c83e36c33593ca46f.jpg,57a9b5bda197432c83e36c33593ca46f.jpg,17154,False,False,False,move_to_quarantine,exact_duplicate_unreferenced
A7B346FCA4C873BB3B97B101BA8DA315CB0706F27A51D84D1FDFE1BFBD61F115,1\0a3b3736c661461791bd040bfd74e6a2.jpg,C:\panda-gallery\originals\1\0a3b3736c661461791bd040bfd74e6a2.jpg,0a3b3736c661461791bd040bfd74e6a2.jpg,17068,True,True,True,keep,referenced_by_db_file_path_or_text
A7B346FCA4C873BB3B97B101BA8DA315CB0706F27A51D84D1FDFE1BFBD61F115,2\c6282a0b3170478f806591a7f568d56c.jpg,C:\panda-gallery\originals\2\c6282a0b3170478f806591a7f568d56c.jpg,c6282a0b3170478f806591a7f568d56c.jpg,17068,False,False,False,move_to_quarantine,exact_duplicate_unreferenced
01E0723FDE0BBBEE25DBC80F609E0C2DA1C5E3DD72CDCC1D9BC2799E0D46E1BC,1\0c6349940dad4805b792af9e4974d3b0.jpg,C:\panda-gallery\originals\1\0c6349940dad4805b792af9e4974d3b0.jpg,0c6349940dad4805b792af9e4974d3b0.jpg,28251,True,True,True,keep,referenced_by_db_file_path_or_text
01E0723FDE0BBBEE25DBC80F609E0C2DA1C5E3DD72CDCC1D9BC2799E0D46E1BC,2\5e56597eea5f4fbe8ccf91470ed44ab4.jpg,C:\panda-gallery\originals\2\5e56597eea5f4fbe8ccf91470ed44ab4.jpg,5e56597eea5f4fbe8ccf91470ed44ab4.jpg,28251,False,False,False,move_to_quarantine,exact_duplicate_unreferenced
7C13792956A3B6D87F2EDE710DAF189EB65FE0C367BE84ABEAF3F9C26A6736CE,1\0c838620f6dc48b0b7bb5997eafcf251.jpg,C:\panda-gallery\originals\1\0c838620f6dc48b0b7bb5997eafcf251.jpg,0c838620f6dc48b0b7bb5997eafcf251.jpg,17031,False,True,True,keep,referenced_by_db_file_path_or_text
7C13792956A3B6D87F2EDE710DAF189EB65FE0C367BE84ABEAF3F9C26A6736CE,1\1836d8ce2830419eb39a75b60febc025.jpg,C:\panda-gallery\originals\1\1836d8ce2830419eb39a75b60febc025.jpg,1836d8ce2830419eb39a75b60febc025.jpg,17031,True,False,True,keep,referenced_by_db_file_path_or_text
7C13792956A3B6D87F2EDE710DAF189EB65FE0C367BE84ABEAF3F9C26A6736CE,2\7769943e66304990a7a83c8d896d4a0e.jpg,C:\panda-gallery\originals\2\7769943e66304990a7a83c8d896d4a0e.jpg,7769943e66304990a7a83c8d896d4a0e.jpg,17031,True,False,True,keep,referenced_by_db_file_path_or_text
FF4D83D783A5705A3FB7C77A23872DBBAC589DA6D2B532DCA83A42595C2583A1,1\0cbbcc4c83b34f7883c1da109fab5d7f.jpg,C:\panda-gallery\originals\1\0cbbcc4c83b34f7883c1da109fab5d7f.jpg,0cbbcc4c83b34f7883c1da109fab5d7f.jpg,30160,True,True,True,keep,referenced_by_db_file_path_or_text
FF4D83D783A5705A3FB7C77A23872DBBAC589DA6D2B532DCA83A42595C2583A1,2\878a6f97465a47f2b6250c1cf31f039b.jpg,C:\panda-gallery\originals\2\878a6f97465a47f2b6250c1cf31f039b.jpg,878a6f97465a47f2b6250c1cf31f039b.jpg,30160,True,False,True,keep,referenced_by_db_file_path_or_text
FF4D83D783A5705A3FB7C77A23872DBBAC589DA6D2B532DCA83A42595C2583A1,1\7d640fee6d43495cafed0fb89d7a9e04.jpg,C:\panda-gallery\originals\1\7d640fee6d43495cafed0fb89d7a9e04.jpg,7d640fee6d43495cafed0fb89d7a9e04.jpg,30160,False,False,False,move_to_quarantine,exact_duplicate_unreferenced
BEE71D3ED2BEA2A8764CEBC10A449789B274F47137C4BAB7119550F9DE16A2A7,1\0df1df481b3e49988b745711d291714c.jpg,C:\panda-gallery\originals\1\0df1df481b3e49988b745711d291714c.jpg,0df1df481b3e49988b745711d291714c.jpg,16169,True,True,True,keep,referenced_by_db_file_path_or_text
BEE71D3ED2BEA2A8764CEBC10A449789B274F47137C4BAB7119550F9DE16A2A7,2\b5ed4a39127e4d50850e970f3879d473.jpg,C:\panda-gallery\originals\2\b5ed4a39127e4d50850e970f3879d473.jpg,b5ed4a39127e4d50850e970f3879d473.jpg,16169,False,False,False,move_to_quarantine,exact_duplicate_unreferenced
299F5974CBC12F785F494CAC37479D7C3247FEF685B03E899877907322DF2D7E,1\111ddf0a07c24978b60750b68022e04e.jpg,C:\panda-gallery\originals\1\111ddf0a07c24978b60750b68022e04e.jpg,111ddf0a07c24978b60750b68022e04e.jpg,28642,True,True,True,keep,referenced_by_db_file_path_or_text
299F5974CBC12F785F494CAC37479D7C3247FEF685B03E899877907322DF2D7E,2\1bd7e0132d1448b19b7e2073174f8ccc.jpg,C:\panda-gallery\originals\2\1bd7e0132d1448b19b7e2073174f8ccc.jpg,1bd7e0132d1448b19b7e2073174f8ccc.jpg,28642,True,True,True,keep,referenced_by_db_file_path_or_text
299F5974CBC12F785F494CAC37479D7C3247FEF685B03E899877907322DF2D7E,1\cc61618f0a8b4a63adb329ca25d40122.jpg,C:\panda-gallery\originals\1\cc61618f0a8b4a63adb329ca25d40122.jpg,cc61618f0a8b4a63adb329ca25d40122.jpg,28642,False,False,False,move_to_quarantine,exact_duplicate_unreferenced
E233D9FF35E46FD40809D6B2EB1BDEFD2EB4C976442A3F56876CCAA730F592AD,1\153e671555f44bb0aefcb698e72c3686.jpg,C:\panda-gallery\originals\1\153e671555f44bb0aefcb698e72c3686.jpg,153e671555f44bb0aefcb698e72c3686.jpg,25659,True,False,True,keep,referenced_by_db_file_path_or_text
E233D9FF35E46FD40809D6B2EB1BDEFD2EB4C976442A3F56876CCAA730F592AD,2\efb77cd3165d4d14b2f60845e87949bd.jpg,C:\panda-gallery\originals\2\efb77cd3165d4d14b2f60845e87949bd.jpg,efb77cd3165d4d14b2f60845e87949bd.jpg,25659,True,False,True,keep,referenced_by_db_file_path_or_text
E233D9FF35E46FD40809D6B2EB1BDEFD2EB4C976442A3F56876CCAA730F592AD,1\e520a9daf0a64cfcbbcbcc1cfc4c83a9.jpg,C:\panda-gallery\originals\1\e520a9daf0a64cfcbbcbcc1cfc4c83a9.jpg,e520a9daf0a64cfcbbcbcc1cfc4c83a9.jpg,25659,False,False,False,move_to_quarantine,exact_duplicate_unreferenced
333D1E8EC32BE03286420526601F5D509BF5D9201AD05B6A51B23E57A1EB1B56,1\1713e66f280e47ffaa0682f79f46996e.jpg,C:\panda-gallery\originals\1\1713e66f280e47ffaa0682f79f46996e.jpg,1713e66f280e47ffaa0682f79f46996e.jpg,24565,True,False,True,keep,referenced_by_db_file_path_or_text
333D1E8EC32BE03286420526601F5D509BF5D9201AD05B6A51B23E57A1EB1B56,2\4a51e1b9e99c443995837d2c7530aa9b.jpg,C:\panda-gallery\originals\2\4a51e1b9e99c443995837d2c7530aa9b.jpg,4a51e1b9e99c443995837d2c7530aa9b.jpg,24565,False,False,False,move_to_quarantine,exact_duplicate_unreferenced
622979D0D0F630E6E848B248EACE9C5D72757CF0AECB499F38A244E80B6DBF36,1\cacfb82d00154561a8b66ed7c0718a33.jpg,C:\panda-gallery\originals\1\cacfb82d00154561a8b66ed7c0718a33.jpg,cacfb82d00154561a8b66ed7c0718a33.jpg,16697,True,False,True,keep,referenced_by_db_file_path_or_text
622979D0D0F630E6E848B248EACE9C5D72757CF0AECB499F38A244E80B6DBF36,2\ee15a7b76c674e02b3ef52733ad911e1.jpg,C:\panda-gallery\originals\2\ee15a7b76c674e02b3ef52733ad911e1.jpg,ee15a7b76c674e02b3ef52733ad911e1.jpg,16697,True,False,True,keep,referenced_by_db_file_path_or_text
622979D0D0F630E6E848B248EACE9C5D72757CF0AECB499F38A244E80B6DBF36,1\23cd22ad938f414b8a2fd48b32f2e664.jpg,C:\panda-gallery\originals\1\23cd22ad938f414b8a2fd48b32f2e664.jpg,23cd22ad938f414b8a2fd48b32f2e664.jpg,16697,False,False,False,move_to_quarantine,exact_duplicate_unreferenced
629C39ED1746C51E9D6DD39E7DD34EF34B0922ED6A83E9E55C02C353EDB3546F,1\364d8bcb47af445ba3418898df15ba3e.jpg,C:\panda-gallery\originals\1\364d8bcb47af445ba3418898df15ba3e.jpg,364d8bcb47af445ba3418898df15ba3e.jpg,27987,True,False,True,keep,referenced_by_db_file_path_or_text
629C39ED1746C51E9D6DD39E7DD34EF34B0922ED6A83E9E55C02C353EDB3546F,2\aa54b0c3795b4dadbea1148b9fb3b3dc.jpg,C:\panda-gallery\originals\2\aa54b0c3795b4dadbea1148b9fb3b3dc.jpg,aa54b0c3795b4dadbea1148b9fb3b3dc.jpg,27987,True,False,True,keep,referenced_by_db_file_path_or_text
629C39ED1746C51E9D6DD39E7DD34EF34B0922ED6A83E9E55C02C353EDB3546F,1\26a50ab675f740819716c80d85f37ad1.jpg,C:\panda-gallery\originals\1\26a50ab675f740819716c80d85f37ad1.jpg,26a50ab675f740819716c80d85f37ad1.jpg,27987,False,False,False,move_to_quarantine,exact_duplicate_unreferenced
95018D3088D30AD2C158917F76DBB63F81857FAB1468B53FDA76B809AFE6821A,1\28b1342c82074bb082013f379d469c19.jpg,C:\panda-gallery\originals\1\28b1342c82074bb082013f379d469c19.jpg,28b1342c82074bb082013f379d469c19.jpg,27485,True,False,True,keep,referenced_by_db_file_path_or_text
95018D3088D30AD2C158917F76DBB63F81857FAB1468B53FDA76B809AFE6821A,2\b92ed9b4c0374edd83a237dbd0919290.jpg,C:\panda-gallery\originals\2\b92ed9b4c0374edd83a237dbd0919290.jpg,b92ed9b4c0374edd83a237dbd0919290.jpg,27485,False,False,False,move_to_quarantine,exact_duplicate_unreferenced
39D3E34E72CD47DB771759677AA37C80DA27FF7E493F9E5BCD4EF1D7F513F57A,1\c2080d865d864e298ee1b3c7b7710a98.jpg,C:\panda-gallery\originals\1\c2080d865d864e298ee1b3c7b7710a98.jpg,c2080d865d864e298ee1b3c7b7710a98.jpg,18695,True,False,True,keep,referenced_by_db_file_path_or_text
39D3E34E72CD47DB771759677AA37C80DA27FF7E493F9E5BCD4EF1D7F513F57A,2\94fba1cc77cf4bad875eea99b98130cc.jpg,C:\panda-gallery\originals\2\94fba1cc77cf4bad875eea99b98130cc.jpg,94fba1cc77cf4bad875eea99b98130cc.jpg,18695,True,False,True,keep,referenced_by_db_file_path_or_text
39D3E34E72CD47DB771759677AA37C80DA27FF7E493F9E5BCD4EF1D7F513F57A,1\2b36ce499120455289cc8f5a19a8f9b8.jpg,C:\panda-gallery\originals\1\2b36ce499120455289cc8f5a19a8f9b8.jpg,2b36ce499120455289cc8f5a19a8f9b8.jpg,18695,False,False,False,move_to_quarantine,exact_duplicate_unreferenced
8CDB2D85D3E287AA1A055A1E592865BCC0D167CBA527CF177D9EE8DAB2F86053,1\2e6b8e073c6c47dd94bda0bf1648dab8.jpg,C:\panda-gallery\originals\1\2e6b8e073c6c47dd94bda0bf1648dab8.jpg,2e6b8e073c6c47dd94bda0bf1648dab8.jpg,19722,True,False,True,keep,referenced_by_db_file_path_or_text
8CDB2D85D3E287AA1A055A1E592865BCC0D167CBA527CF177D9EE8DAB2F86053,2\4fff525227f6410d8be5517cb7e4fa23.jpg,C:\panda-gallery\originals\2\4fff525227f6410d8be5517cb7e4fa23.jpg,4fff525227f6410d8be5517cb7e4fa23.jpg,19722,True,False,True,keep,referenced_by_db_file_path_or_text
8CDB2D85D3E287AA1A055A1E592865BCC0D167CBA527CF177D9EE8DAB2F86053,1\cc801f8219364e72a798602952b77db0.jpg,C:\panda-gallery\originals\1\cc801f8219364e72a798602952b77db0.jpg,cc801f8219364e72a798602952b77db0.jpg,19722,False,False,False,move_to_quarantine,exact_duplicate_unreferenced
425D50302C4EBC82AB459620A780A0D2BABB44F65EB4481F0E8907F1F1F2775A,1\a7511c13c46048278493eb37997f98e0.jpg,C:\panda-gallery\originals\1\a7511c13c46048278493eb37997f98e0.jpg,a7511c13c46048278493eb37997f98e0.jpg,18163,True,False,True,keep,referenced_by_db_file_path_or_text
425D50302C4EBC82AB459620A780A0D2BABB44F65EB4481F0E8907F1F1F2775A,2\28cf65ea637342d6aee2d7d4a4a35373.jpg,C:\panda-gallery\originals\2\28cf65ea637342d6aee2d7d4a4a35373.jpg,28cf65ea637342d6aee2d7d4a4a35373.jpg,18163,True,True,True,keep,referenced_by_db_file_path_or_text
425D50302C4EBC82AB459620A780A0D2BABB44F65EB4481F0E8907F1F1F2775A,1\3265a96b3ed14a8db853768b013ea3d7.jpg,C:\panda-gallery\originals\1\3265a96b3ed14a8db853768b013ea3d7.jpg,3265a96b3ed14a8db853768b013ea3d7.jpg,18163,False,False,False,move_to_quarantine,exact_duplicate_unreferenced
A9B135237FCB14A1686EB9E1163DB868A6CB10E3BA34522AB6A01430EEDED49A,1\36fddcc4872c43739f5a2497797a2eb3.jpg,C:\panda-gallery\originals\1\36fddcc4872c43739f5a2497797a2eb3.jpg,36fddcc4872c43739f5a2497797a2eb3.jpg,16571,True,True,True,keep,referenced_by_db_file_path_or_text
A9B135237FCB14A1686EB9E1163DB868A6CB10E3BA34522AB6A01430EEDED49A,2\b359b44f0cea4d75ba0332b2469f5606.jpg,C:\panda-gallery\originals\2\b359b44f0cea4d75ba0332b2469f5606.jpg,b359b44f0cea4d75ba0332b2469f5606.jpg,16571,False,False,False,move_to_quarantine,exact_duplicate_unreferenced
AEE5C27BF07D4244F54DCE2C163CF887FF3DDC528A6204744B2E7ECCBBDDF2F3,1\3bbdc827037e4d689be587541d28f0f6.jpg,C:\panda-gallery\originals\1\3bbdc827037e4d689be587541d28f0f6.jpg,3bbdc827037e4d689be587541d28f0f6.jpg,28865,True,False,True,keep,referenced_by_db_file_path_or_text
AEE5C27BF07D4244F54DCE2C163CF887FF3DDC528A6204744B2E7ECCBBDDF2F3,2\2bc85ac4a03844679cdb48cf2f0d4d80.jpg,C:\panda-gallery\originals\2\2bc85ac4a03844679cdb48cf2f0d4d80.jpg,2bc85ac4a03844679cdb48cf2f0d4d80.jpg,28865,True,True,True,keep,referenced_by_db_file_path_or_text
AEE5C27BF07D4244F54DCE2C163CF887FF3DDC528A6204744B2E7ECCBBDDF2F3,1\4ac1ff51e9de492cacee1d963502c0d5.jpg,C:\panda-gallery\originals\1\4ac1ff51e9de492cacee1d963502c0d5.jpg,4ac1ff51e9de492cacee1d963502c0d5.jpg,28865,False,False,False,move_to_quarantine,exact_duplicate_unreferenced
AEE5C27BF07D4244F54DCE2C163CF887FF3DDC528A6204744B2E7ECCBBDDF2F3,1\5dc5792a02ac4e1ab10295bf66798753.jpg,C:\panda-gallery\originals\1\5dc5792a02ac4e1ab10295bf66798753.jpg,5dc5792a02ac4e1ab10295bf66798753.jpg,28865,False,False,False,move_to_quarantine,exact_duplicate_unreferenced
8628525E58E9A22A1CA7282D0145F4FDAC0887B8249565E0B1E34F94D440E2CA,1\ec9cae29198443bba970e0201abdbfe5.jpg,C:\panda-gallery\originals\1\ec9cae29198443bba970e0201abdbfe5.jpg,ec9cae29198443bba970e0201abdbfe5.jpg,19925,True,False,True,keep,referenced_by_db_file_path_or_text
8628525E58E9A22A1CA7282D0145F4FDAC0887B8249565E0B1E34F94D440E2CA,2\d27506a96a574714a583d8f5f922e1d7.jpg,C:\panda-gallery\originals\2\d27506a96a574714a583d8f5f922e1d7.jpg,d27506a96a574714a583d8f5f922e1d7.jpg,19925,True,False,True,keep,referenced_by_db_file_path_or_text
8628525E58E9A22A1CA7282D0145F4FDAC0887B8249565E0B1E34F94D440E2CA,1\3cb4731b284f4f19bdd79a23a9aa2f12.jpg,C:\panda-gallery\originals\1\3cb4731b284f4f19bdd79a23a9aa2f12.jpg,3cb4731b284f4f19bdd79a23a9aa2f12.jpg,19925,False,False,False,move_to_quarantine,exact_duplicate_unreferenced
A8A4C0B90BFC430A54A11624889AABF408ACCB3717F21EB370C60897DE630958,1\d8a4fd6892e3458ba863829f3bef2de9.jpg,C:\panda-gallery\originals\1\d8a4fd6892e3458ba863829f3bef2de9.jpg,d8a4fd6892e3458ba863829f3bef2de9.jpg,28092,True,False,True,keep,referenced_by_db_file_path_or_text
A8A4C0B90BFC430A54A11624889AABF408ACCB3717F21EB370C60897DE630958,2\98ac3f6707b24e4abf1a8d3a3f7f5ab4.jpg,C:\panda-gallery\originals\2\98ac3f6707b24e4abf1a8d3a3f7f5ab4.jpg,98ac3f6707b24e4abf1a8d3a3f7f5ab4.jpg,28092,True,False,True,keep,referenced_by_db_file_path_or_text
A8A4C0B90BFC430A54A11624889AABF408ACCB3717F21EB370C60897DE630958,1\41704fa5c2334952aa6c09cd0332b593.jpg,C:\panda-gallery\originals\1\41704fa5c2334952aa6c09cd0332b593.jpg,41704fa5c2334952aa6c09cd0332b593.jpg,28092,False,False,False,move_to_quarantine,exact_duplicate_unreferenced
A8A4C0B90BFC430A54A11624889AABF408ACCB3717F21EB370C60897DE630958,1\eef91597aa654e1aa57ccb3037a80216.jpg,C:\panda-gallery\originals\1\eef91597aa654e1aa57ccb3037a80216.jpg,eef91597aa654e1aa57ccb3037a80216.jpg,28092,False,False,False,move_to_quarantine,exact_duplicate_unreferenced
525F6D2222235F6B9369046B28107CD02BD4DA17BEEE1EC73C6A9763F761814B,1\4b0240cde14446a3a8bd85a741bea81c.jpg,C:\panda-gallery\originals\1\4b0240cde14446a3a8bd85a741bea81c.jpg,4b0240cde14446a3a8bd85a741bea81c.jpg,15737,True,True,True,keep,referenced_by_db_file_path_or_text
525F6D2222235F6B9369046B28107CD02BD4DA17BEEE1EC73C6A9763F761814B,2\12e7ff647a9b4786a19167cf89cfb696.jpg,C:\panda-gallery\originals\2\12e7ff647a9b4786a19167cf89cfb696.jpg,12e7ff647a9b4786a19167cf89cfb696.jpg,15737,False,True,True,keep,referenced_by_db_file_path_or_text
962F8741E946ABF2087FCA8FD0131D1EE625C96AA9D9C77D19E8537C19B6DC52,1\511633294b7e4c28a3fa6841f18076c1.jpg,C:\panda-gallery\originals\1\511633294b7e4c28a3fa6841f18076c1.jpg,511633294b7e4c28a3fa6841f18076c1.jpg,17282,True,False,True,keep,referenced_by_db_file_path_or_text
962F8741E946ABF2087FCA8FD0131D1EE625C96AA9D9C77D19E8537C19B6DC52,2\b52c8e87c5084b85bed5ba82a43a4f5f.jpg,C:\panda-gallery\originals\2\b52c8e87c5084b85bed5ba82a43a4f5f.jpg,b52c8e87c5084b85bed5ba82a43a4f5f.jpg,17282,True,False,True,keep,referenced_by_db_file_path_or_text
962F8741E946ABF2087FCA8FD0131D1EE625C96AA9D9C77D19E8537C19B6DC52,1\b89b911b1c394a9dbaf73475c64a45c8.jpg,C:\panda-gallery\originals\1\b89b911b1c394a9dbaf73475c64a45c8.jpg,b89b911b1c394a9dbaf73475c64a45c8.jpg,17282,False,False,False,move_to_quarantine,exact_duplicate_unreferenced
BB8216EFFC0EB85A59E85CE86FF651CBBD480DE8617529BB3C83C353F5C35148,1\601ece9b5f574d7bac0cf6948573c926.jpg,C:\panda-gallery\originals\1\601ece9b5f574d7bac0cf6948573c926.jpg,601ece9b5f574d7bac0cf6948573c926.jpg,19136,True,False,True,keep,referenced_by_db_file_path_or_text
BB8216EFFC0EB85A59E85CE86FF651CBBD480DE8617529BB3C83C353F5C35148,2\aa8aad6b64184c038d080e9e2325dbdb.jpg,C:\panda-gallery\originals\2\aa8aad6b64184c038d080e9e2325dbdb.jpg,aa8aad6b64184c038d080e9e2325dbdb.jpg,19136,True,False,True,keep,referenced_by_db_file_path_or_text
BB8216EFFC0EB85A59E85CE86FF651CBBD480DE8617529BB3C83C353F5C35148,1\5502027b036f4fcc93c1b13dc54a983b.jpg,C:\panda-gallery\originals\1\5502027b036f4fcc93c1b13dc54a983b.jpg,5502027b036f4fcc93c1b13dc54a983b.jpg,19136,False,False,False,move_to_quarantine,exact_duplicate_unreferenced
81762B962F750D176FC70EDBCBDB8A460B3166ED8ADBFE50FC400E5D4FB38685,1\55f8f9f4a1c04b9bad262bb4a8f53521.png,C:\panda-gallery\originals\1\55f8f9f4a1c04b9bad262bb4a8f53521.png,55f8f9f4a1c04b9bad262bb4a8f53521.png,289572,False,True,True,keep,referenced_by_db_file_path_or_text
81762B962F750D176FC70EDBCBDB8A460B3166ED8ADBFE50FC400E5D4FB38685,1\9cd3e6ace31c43b1b111d87c5e7dfcb2.png,C:\panda-gallery\originals\1\9cd3e6ace31c43b1b111d87c5e7dfcb2.png,9cd3e6ace31c43b1b111d87c5e7dfcb2.png,289572,True,False,True,keep,referenced_by_db_file_path_or_text
81762B962F750D176FC70EDBCBDB8A460B3166ED8ADBFE50FC400E5D4FB38685,2\cabca786ad4242a9b49ee8c3369a93ce.png,C:\panda-gallery\originals\2\cabca786ad4242a9b49ee8c3369a93ce.png,cabca786ad4242a9b49ee8c3369a93ce.png,289572,True,True,True,keep,referenced_by_db_file_path_or_text
0F8EB9E130208E3B37FB4E4204CFE12941FC3FF25D2C60FDDCBD70A49800905C,1\5cba417bae8c4fd18d3cb7588380a908.jpg,C:\panda-gallery\originals\1\5cba417bae8c4fd18d3cb7588380a908.jpg,5cba417bae8c4fd18d3cb7588380a908.jpg,18302,True,False,True,keep,referenced_by_db_file_path_or_text
0F8EB9E130208E3B37FB4E4204CFE12941FC3FF25D2C60FDDCBD70A49800905C,2\d9436e70666d4f63a5cd26dfc91489fc.jpg,C:\panda-gallery\originals\2\d9436e70666d4f63a5cd26dfc91489fc.jpg,d9436e70666d4f63a5cd26dfc91489fc.jpg,18302,False,False,False,move_to_quarantine,exact_duplicate_unreferenced
9C5C12B1274475D988C775B3D45669D3E0251DD4C730173E7725A916F74EAFAD,1\621f66313de9420e9141b574e9df3729.jpg,C:\panda-gallery\originals\1\621f66313de9420e9141b574e9df3729.jpg,621f66313de9420e9141b574e9df3729.jpg,23610,True,False,True,keep,referenced_by_db_file_path_or_text
9C5C12B1274475D988C775B3D45669D3E0251DD4C730173E7725A916F74EAFAD,2\e87d94f300984ad2aac94627c43cb7c3.jpg,C:\panda-gallery\originals\2\e87d94f300984ad2aac94627c43cb7c3.jpg,e87d94f300984ad2aac94627c43cb7c3.jpg,23610,False,False,False,move_to_quarantine,exact_duplicate_unreferenced
D6D3D4D8CBE4C3AB83DA9DA35F9BCC19B33249964E1D39E4C16CC643F018D1B3,1\6cba5c589256490fb7f590adf51456c9.jpg,C:\panda-gallery\originals\1\6cba5c589256490fb7f590adf51456c9.jpg,6cba5c589256490fb7f590adf51456c9.jpg,25873,True,False,True,keep,referenced_by_db_file_path_or_text
D6D3D4D8CBE4C3AB83DA9DA35F9BCC19B33249964E1D39E4C16CC643F018D1B3,2\b7820066fd7045f8bea02a65d9d18b5a.jpg,C:\panda-gallery\originals\2\b7820066fd7045f8bea02a65d9d18b5a.jpg,b7820066fd7045f8bea02a65d9d18b5a.jpg,25873,False,False,False,move_to_quarantine,exact_duplicate_unreferenced
73BF7847EEBC296E02861EDCDAC0757DEA1BFDB6A4F902424936261D89EE8CD9,1\7bc6238a99094a4c8b083d5e12a1bd5f.jpg,C:\panda-gallery\originals\1\7bc6238a99094a4c8b083d5e12a1bd5f.jpg,7bc6238a99094a4c8b083d5e12a1bd5f.jpg,16573,True,False,True,keep,referenced_by_db_file_path_or_text
73BF7847EEBC296E02861EDCDAC0757DEA1BFDB6A4F902424936261D89EE8CD9,2\91d5211a00c14647ad8a996889237fa1.jpg,C:\panda-gallery\originals\2\91d5211a00c14647ad8a996889237fa1.jpg,91d5211a00c14647ad8a996889237fa1.jpg,16573,False,False,False,move_to_quarantine,exact_duplicate_unreferenced
923873FC1424B9C6134AFD5DC50DD451BBB84B5E660CD8AE8297FB6AD4613966,1\7c66e0921c024f8c974b7146b45ea0c7.jpg,C:\panda-gallery\originals\1\7c66e0921c024f8c974b7146b45ea0c7.jpg,7c66e0921c024f8c974b7146b45ea0c7.jpg,26755,True,False,True,keep,referenced_by_db_file_path_or_text
923873FC1424B9C6134AFD5DC50DD451BBB84B5E660CD8AE8297FB6AD4613966,2\fa50f92c36bf40ec866c6d21165541ed.jpg,C:\panda-gallery\originals\2\fa50f92c36bf40ec866c6d21165541ed.jpg,fa50f92c36bf40ec866c6d21165541ed.jpg,26755,False,False,False,move_to_quarantine,exact_duplicate_unreferenced
5E4865FD55DC237FF90832BAA5A154A1634A1E35761599E1D4FE5A6332BD3A48,1\85fe71b2b22c430ea7a340ec000dc91c.jpg,C:\panda-gallery\originals\1\85fe71b2b22c430ea7a340ec000dc91c.jpg,85fe71b2b22c430ea7a340ec000dc91c.jpg,26820,True,False,True,keep,referenced_by_db_file_path_or_text
5E4865FD55DC237FF90832BAA5A154A1634A1E35761599E1D4FE5A6332BD3A48,2\e1ac8999ef5f4ec3ab768573d8b316b1.jpg,C:\panda-gallery\originals\2\e1ac8999ef5f4ec3ab768573d8b316b1.jpg,e1ac8999ef5f4ec3ab768573d8b316b1.jpg,26820,True,False,True,keep,referenced_by_db_file_path_or_text
5E4865FD55DC237FF90832BAA5A154A1634A1E35761599E1D4FE5A6332BD3A48,1\faea310eea2a4ccbad5d377ffd1f0e32.jpg,C:\panda-gallery\originals\1\faea310eea2a4ccbad5d377ffd1f0e32.jpg,faea310eea2a4ccbad5d377ffd1f0e32.jpg,26820,False,False,False,move_to_quarantine,exact_duplicate_unreferenced
A013D01B18178D9B1CA3B52DAC0CCB0EFB5C20A52749DDDED7534ED693DCE834,1\8d7ac9ae20e6434daede51768565a9c2.jpg,C:\panda-gallery\originals\1\8d7ac9ae20e6434daede51768565a9c2.jpg,8d7ac9ae20e6434daede51768565a9c2.jpg,17026,True,False,True,keep,referenced_by_db_file_path_or_text
A013D01B18178D9B1CA3B52DAC0CCB0EFB5C20A52749DDDED7534ED693DCE834,2\2544136326ce4d38a6716cd53c35339e.jpg,C:\panda-gallery\originals\2\2544136326ce4d38a6716cd53c35339e.jpg,2544136326ce4d38a6716cd53c35339e.jpg,17026,False,True,True,keep,referenced_by_db_file_path_or_text
46BA23E4471CB4DDC15C33F34C24DBE9A63B8DC9914961508C7D5E62F52D41A7,1\968cc3241b3e431fb0dee9ae5a37d50c.jpg,C:\panda-gallery\originals\1\968cc3241b3e431fb0dee9ae5a37d50c.jpg,968cc3241b3e431fb0dee9ae5a37d50c.jpg,28607,True,False,True,keep,referenced_by_db_file_path_or_text
46BA23E4471CB4DDC15C33F34C24DBE9A63B8DC9914961508C7D5E62F52D41A7,2\8994e956faf94e8bbb14384a9ca56083.jpg,C:\panda-gallery\originals\2\8994e956faf94e8bbb14384a9ca56083.jpg,8994e956faf94e8bbb14384a9ca56083.jpg,28607,True,False,True,keep,referenced_by_db_file_path_or_text
46BA23E4471CB4DDC15C33F34C24DBE9A63B8DC9914961508C7D5E62F52D41A7,1\c1a16a83fc4e4a879ab72615081e7cb7.jpg,C:\panda-gallery\originals\1\c1a16a83fc4e4a879ab72615081e7cb7.jpg,c1a16a83fc4e4a879ab72615081e7cb7.jpg,28607,False,False,False,move_to_quarantine,exact_duplicate_unreferenced
D2B0C0CA838E2D25716F8BC61D7965302E4CD8A0941E9954BF948455E644E401,1\9f705714e7d44a7bbc4c573817d05034.jpg,C:\panda-gallery\originals\1\9f705714e7d44a7bbc4c573817d05034.jpg,9f705714e7d44a7bbc4c573817d05034.jpg,16303,False,True,True,keep,referenced_by_db_file_path_or_text
D2B0C0CA838E2D25716F8BC61D7965302E4CD8A0941E9954BF948455E644E401,1\add645d968db4216b8ef6134f9e86e4f.jpg,C:\panda-gallery\originals\1\add645d968db4216b8ef6134f9e86e4f.jpg,add645d968db4216b8ef6134f9e86e4f.jpg,16303,True,True,True,keep,referenced_by_db_file_path_or_text
D2B0C0CA838E2D25716F8BC61D7965302E4CD8A0941E9954BF948455E644E401,2\38965dfb113746c0abedb59c59e0fe50.jpg,C:\panda-gallery\originals\2\38965dfb113746c0abedb59c59e0fe50.jpg,38965dfb113746c0abedb59c59e0fe50.jpg,16303,True,True,True,keep,referenced_by_db_file_path_or_text
3C9372EA35F52F3CBD8FFF750BE6809C4655FADB9B797D7EF83373349D17D67C,1\a4a1fa75f9a447a0a020106f1abe000e.jpg,C:\panda-gallery\originals\1\a4a1fa75f9a447a0a020106f1abe000e.jpg,a4a1fa75f9a447a0a020106f1abe000e.jpg,16645,True,False,True,keep,referenced_by_db_file_path_or_text
3C9372EA35F52F3CBD8FFF750BE6809C4655FADB9B797D7EF83373349D17D67C,2\939005a746424f4885c96767f271c607.jpg,C:\panda-gallery\originals\2\939005a746424f4885c96767f271c607.jpg,939005a746424f4885c96767f271c607.jpg,16645,False,False,False,move_to_quarantine,exact_duplicate_unreferenced
EE9734887ABA726F57A3EB759E068C820F6603C9DD79C858373B5BFD14C638E8,1\aa4a343ba19048a380cc758355017372.jpg,C:\panda-gallery\originals\1\aa4a343ba19048a380cc758355017372.jpg,aa4a343ba19048a380cc758355017372.jpg,17354,True,False,True,keep,referenced_by_db_file_path_or_text
EE9734887ABA726F57A3EB759E068C820F6603C9DD79C858373B5BFD14C638E8,2\329129bddcb44936861f83095d935239.jpg,C:\panda-gallery\originals\2\329129bddcb44936861f83095d935239.jpg,329129bddcb44936861f83095d935239.jpg,17354,False,True,True,keep,referenced_by_db_file_path_or_text
472BF01A47E4B4FAA78A0CABC3D6A30495090D2F09AF5C1B57B2D648C59154B1,1\b05e4ede5d714db4be0556907b6ee553.jpg,C:\panda-gallery\originals\1\b05e4ede5d714db4be0556907b6ee553.jpg,b05e4ede5d714db4be0556907b6ee553.jpg,30021,True,False,True,keep,referenced_by_db_file_path_or_text
472BF01A47E4B4FAA78A0CABC3D6A30495090D2F09AF5C1B57B2D648C59154B1,2\a929cbe735b0454180456ebdef388f41.jpg,C:\panda-gallery\originals\2\a929cbe735b0454180456ebdef388f41.jpg,a929cbe735b0454180456ebdef388f41.jpg,30021,True,False,True,keep,referenced_by_db_file_path_or_text
472BF01A47E4B4FAA78A0CABC3D6A30495090D2F09AF5C1B57B2D648C59154B1,1\bb4be2c936a04436bd8e02b0e5e8d3fc.jpg,C:\panda-gallery\originals\1\bb4be2c936a04436bd8e02b0e5e8d3fc.jpg,bb4be2c936a04436bd8e02b0e5e8d3fc.jpg,30021,False,False,False,move_to_quarantine,exact_duplicate_unreferenced
D1F86D16EA88915B21BFA4957DFE512CAC614BC5BF905BD6633037DC4F0E0B3F,1\b0b9ac2c2a21431fb154a9d4307aa809.jpg,C:\panda-gallery\originals\1\b0b9ac2c2a21431fb154a9d4307aa809.jpg,b0b9ac2c2a21431fb154a9d4307aa809.jpg,28765,True,False,True,keep,referenced_by_db_file_path_or_text
D1F86D16EA88915B21BFA4957DFE512CAC614BC5BF905BD6633037DC4F0E0B3F,2\df18fcc7fa4d461fae94c59b0012c3fa.jpg,C:\panda-gallery\originals\2\df18fcc7fa4d461fae94c59b0012c3fa.jpg,df18fcc7fa4d461fae94c59b0012c3fa.jpg,28765,True,False,True,keep,referenced_by_db_file_path_or_text
D1F86D16EA88915B21BFA4957DFE512CAC614BC5BF905BD6633037DC4F0E0B3F,1\b1e17e4c100541cb828aa56b8a1c9d8f.jpg,C:\panda-gallery\originals\1\b1e17e4c100541cb828aa56b8a1c9d8f.jpg,b1e17e4c100541cb828aa56b8a1c9d8f.jpg,28765,False,False,False,move_to_quarantine,exact_duplicate_unreferenced
602B0AB18163B0F9EA58BA95C64ED05590BF7889C7BE12EDE49D05945997DA68,1\c10dfc0f0821461a994199da926a541a.jpg,C:\panda-gallery\originals\1\c10dfc0f0821461a994199da926a541a.jpg,c10dfc0f0821461a994199da926a541a.jpg,26722,True,False,True,keep,referenced_by_db_file_path_or_text
602B0AB18163B0F9EA58BA95C64ED05590BF7889C7BE12EDE49D05945997DA68,2\85d868a120cd45b0b202370e08aff14a.jpg,C:\panda-gallery\originals\2\85d868a120cd45b0b202370e08aff14a.jpg,85d868a120cd45b0b202370e08aff14a.jpg,26722,False,False,False,move_to_quarantine,exact_duplicate_unreferenced
A18B5D2BA6B65BC2E0601AFC1CC1C77FB725AE7ADCD3F1E0F9FC834DE0EC79EF,1\c62cb13add9d42fa94e9f13263c2fe95.jpg,C:\panda-gallery\originals\1\c62cb13add9d42fa94e9f13263c2fe95.jpg,c62cb13add9d42fa94e9f13263c2fe95.jpg,32298,True,True,True,keep,referenced_by_db_file_path_or_text
A18B5D2BA6B65BC2E0601AFC1CC1C77FB725AE7ADCD3F1E0F9FC834DE0EC79EF,1\efd421b273594a8581ad10cc0e521830.jpg,C:\panda-gallery\originals\1\efd421b273594a8581ad10cc0e521830.jpg,efd421b273594a8581ad10cc0e521830.jpg,32298,False,True,True,keep,referenced_by_db_file_path_or_text
A18B5D2BA6B65BC2E0601AFC1CC1C77FB725AE7ADCD3F1E0F9FC834DE0EC79EF,2\f2c2520417a54f058e88d023c844499a.jpg,C:\panda-gallery\originals\2\f2c2520417a54f058e88d023c844499a.jpg,f2c2520417a54f058e88d023c844499a.jpg,32298,True,False,True,keep,referenced_by_db_file_path_or_text
647D3F43DD8371CD24B412A93814F12929B58A4389C55AA7B4E7812C4B84BD56,1\c6fa8b3004fe48e7bfaa740491c26c51.png,C:\panda-gallery\originals\1\c6fa8b3004fe48e7bfaa740491c26c51.png,c6fa8b3004fe48e7bfaa740491c26c51.png,816982,True,True,True,keep,referenced_by_db_file_path_or_text
647D3F43DD8371CD24B412A93814F12929B58A4389C55AA7B4E7812C4B84BD56,2\53d006a3cbb342d9992df72e5d17f4b8.png,C:\panda-gallery\originals\2\53d006a3cbb342d9992df72e5d17f4b8.png,53d006a3cbb342d9992df72e5d17f4b8.png,816982,False,True,True,keep,referenced_by_db_file_path_or_text
908DE4277AF46C8EC767922E632CF2882CBF071C875BA8B134CD3A279A3A76F8,1\c9b1482cca9445ec88238e321985d5f3.jpg,C:\panda-gallery\originals\1\c9b1482cca9445ec88238e321985d5f3.jpg,c9b1482cca9445ec88238e321985d5f3.jpg,17952,True,False,True,keep,referenced_by_db_file_path_or_text
908DE4277AF46C8EC767922E632CF2882CBF071C875BA8B134CD3A279A3A76F8,2\fa135dc13b5a49948a5e68260fe92ed0.jpg,C:\panda-gallery\originals\2\fa135dc13b5a49948a5e68260fe92ed0.jpg,fa135dc13b5a49948a5e68260fe92ed0.jpg,17952,False,False,False,move_to_quarantine,exact_duplicate_unreferenced
B5ECC4054EE3CD8077A4333450BD7F4B15C8D43FB203C56C7E3478E68EEB0EA5,1\d63627217b094e409df40189467ef616.jpg,C:\panda-gallery\originals\1\d63627217b094e409df40189467ef616.jpg,d63627217b094e409df40189467ef616.jpg,25909,True,False,True,keep,referenced_by_db_file_path_or_text
B5ECC4054EE3CD8077A4333450BD7F4B15C8D43FB203C56C7E3478E68EEB0EA5,2\10a4c2ed3579439c89f099b651a5a642.jpg,C:\panda-gallery\originals\2\10a4c2ed3579439c89f099b651a5a642.jpg,10a4c2ed3579439c89f099b651a5a642.jpg,25909,False,True,True,keep,referenced_by_db_file_path_or_text
65172819C4C4420F11502514AA655F3AAD550D2E36B87C62FCB6581061EFC509,1\db07ad75c26b4a83ac1ca7ecba8d32c2.jpg,C:\panda-gallery\originals\1\db07ad75c26b4a83ac1ca7ecba8d32c2.jpg,db07ad75c26b4a83ac1ca7ecba8d32c2.jpg,25952,True,False,True,keep,referenced_by_db_file_path_or_text
65172819C4C4420F11502514AA655F3AAD550D2E36B87C62FCB6581061EFC509,2\39ac673677b44f87b2e6032d72eae36f.jpg,C:\panda-gallery\originals\2\39ac673677b44f87b2e6032d72eae36f.jpg,39ac673677b44f87b2e6032d72eae36f.jpg,25952,False,True,True,keep,referenced_by_db_file_path_or_text
0033667B5802B76C4D1B3E190F19AB5828BBAB19EB8130B4CF6C6E46C49C853D,1\f7ae61908e0e4cffa8bfcd58e2267f2c.jpg,C:\panda-gallery\originals\1\f7ae61908e0e4cffa8bfcd58e2267f2c.jpg,f7ae61908e0e4cffa8bfcd58e2267f2c.jpg,26556,True,False,True,keep,referenced_by_db_file_path_or_text
0033667B5802B76C4D1B3E190F19AB5828BBAB19EB8130B4CF6C6E46C49C853D,2\e42a0c19b9204c04916edc81b9a71d01.jpg,C:\panda-gallery\originals\2\e42a0c19b9204c04916edc81b9a71d01.jpg,e42a0c19b9204c04916edc81b9a71d01.jpg,26556,False,False,False,move_to_quarantine,exact_duplicate_unreferenced
